{
  "COL": {
    "Dollander, Chase": {
      "CH 1": {
        "release_pos_x": -2.418181818181818,
        "release_pos_y": 54.28,
        "release_pos_z": 5.385454545454545,
        "vx0": 9.119889356596891,
        "vy0": -129.56777582298292,
        "vz0": 1.7023124928562114,
        "ax": -17.140347893864718,
        "ay": 26.042281431702442,
        "az": -26.66848835050099,
        "release_spin_rate": 1998.6363636363637,
        "spin_axis": 249.9090909090909
      },
      "CH 2": {
        "release_pos_x": -2.418181818181818,
        "release_pos_y": 54.28,
        "release_pos_z": 5.385454545454545,
        "vx0": 9.119889356596891,
        "vy0": -129.56777582298292,
        "vz0": 1.7023124928562114,
        "ax": -17.140347893864718,
        "ay": 26.042281431702442,
        "az": -26.66848835050099,
        "release_spin_rate": 1998.6363636363637,
        "spin_axis": 249.9090909090909
      },
      "CH 3": {
        "release_pos_x": -2.418181818181818,
        "release_pos_y": 54.28,
        "release_pos_z": 5.385454545454545,
        "vx0": 9.119889356596891,
        "vy0": -129.56777582298292,
        "vz0": 1.7023124928562114,
        "ax": -17.140347893864718,
        "ay": 26.042281431702442,
        "az": -26.66848835050099,
        "release_spin_rate": 1998.6363636363637,
        "spin_axis": 249.9090909090909
      },
      "CH 4": {
        "release_pos_x": -2.418181818181818,
        "release_pos_y": 54.28,
        "release_pos_z": 5.385454545454545,
        "vx0": 9.119889356596891,
        "vy0": -129.56777582298292,
        "vz0": 1.7023124928562114,
        "ax": -17.140347893864718,
        "ay": 26.042281431702442,
        "az": -26.66848835050099,
        "release_spin_rate": 1998.6363636363637,
        "spin_axis": 249.9090909090909
      },
      "CH 5": {
        "release_pos_x": -2.418181818181818,
        "release_pos_y": 54.28,
        "release_pos_z": 5.385454545454545,
        "vx0": 9.119889356596891,
        "vy0": -129.56777582298292,
        "vz0": 1.7023124928562114,
        "ax": -17.140347893864718,
        "ay": 26.042281431702442,
        "az": -26.66848835050099,
        "release_spin_rate": 1998.6363636363637,
        "spin_axis": 249.9090909090909
      },
      "CH 6": {
        "release_pos_x": -2.418181818181818,
        "release_pos_y": 54.28,
        "release_pos_z": 5.385454545454545,
        "vx0": 9.119889356596891,
        "vy0": -129.56777582298292,
        "vz0": 1.7023124928562114,
        "ax": -17.140347893864718,
        "ay": 26.042281431702442,
        "az": -26.66848835050099,
        "release_spin_rate": 1998.6363636363637,
        "spin_axis": 249.9090909090909
      },
      "CH 7": {
        "release_pos_x": -2.418181818181818,
        "release_pos_y": 54.28,
        "release_pos_z": 5.385454545454545,
        "vx0": 9.119889356596891,
        "vy0": -129.56777582298292,
        "vz0": 1.7023124928562114,
        "ax": -17.140347893864718,
        "ay": 26.042281431702442,
        "az": -26.66848835050099,
        "release_spin_rate": 1998.6363636363637,
        "spin_axis": 249.9090909090909
      },
      "CH 8": {
        "release_pos_x": -2.418181818181818,
        "release_pos_y": 54.28,
        "release_pos_z": 5.385454545454545,
        "vx0": 9.119889356596891,
        "vy0": -129.56777582298292,
        "vz0": 1.7023124928562114,
        "ax": -17.140347893864718,
        "ay": 26.042281431702442,
        "az": -26.66848835050099,
        "release_spin_rate": 1998.6363636363637,
        "spin_axis": 249.9090909090909
      },
      "CH 9": {
        "release_pos_x": -2.418181818181818,
        "release_pos_y": 54.28,
        "release_pos_z": 5.385454545454545,
        "vx0": 9.119889356596891,
        "vy0": -129.56777582298292,
        "vz0": 1.7023124928562114,
        "ax": -17.140347893864718,
        "ay": 26.042281431702442,
        "az": -26.66848835050099,
        "release_spin_rate": 1998.6363636363637,
        "spin_axis": 249.9090909090909
      },
      "CU 1": {
        "release_pos_x": -2.3689473684210527,
        "release_pos_y": 54.17013157894736,
        "release_pos_z": 5.551184210526316,
        "vx0": 0.9603550406716643,
        "vy0": -114.54110084430904,
        "vz0": 7.252797973611809,
        "ax": 9.633746381194277,
        "ay": 21.792722414963833,
        "az": -38.030961431829226,
        "release_spin_rate": 2779.75,
        "spin_axis": 61.776315789473685
      },
      "CU 2": {
        "release_pos_x": -2.3689473684210527,
        "release_pos_y": 54.17013157894736,
        "release_pos_z": 5.551184210526316,
        "vx0": 0.9603550406716643,
        "vy0": -114.54110084430904,
        "vz0": 7.252797973611809,
        "ax": 9.633746381194277,
        "ay": 21.792722414963833,
        "az": -38.030961431829226,
        "release_spin_rate": 2779.75,
        "spin_axis": 61.776315789473685
      },
      "CU 3": {
        "release_pos_x": -2.3689473684210527,
        "release_pos_y": 54.17013157894736,
        "release_pos_z": 5.551184210526316,
        "vx0": 0.9603550406716643,
        "vy0": -114.54110084430904,
        "vz0": 7.252797973611809,
        "ax": 9.633746381194277,
        "ay": 21.792722414963833,
        "az": -38.030961431829226,
        "release_spin_rate": 2779.75,
        "spin_axis": 61.776315789473685
      },
      "CU 4": {
        "release_pos_x": -2.3689473684210527,
        "release_pos_y": 54.17013157894736,
        "release_pos_z": 5.551184210526316,
        "vx0": 0.9603550406716643,
        "vy0": -114.54110084430904,
        "vz0": 7.252797973611809,
        "ax": 9.633746381194277,
        "ay": 21.792722414963833,
        "az": -38.030961431829226,
        "release_spin_rate": 2779.75,
        "spin_axis": 61.776315789473685
      },
      "CU 5": {
        "release_pos_x": -2.3689473684210527,
        "release_pos_y": 54.17013157894736,
        "release_pos_z": 5.551184210526316,
        "vx0": 0.9603550406716643,
        "vy0": -114.54110084430904,
        "vz0": 7.252797973611809,
        "ax": 9.633746381194277,
        "ay": 21.792722414963833,
        "az": -38.030961431829226,
        "release_spin_rate": 2779.75,
        "spin_axis": 61.776315789473685
      },
      "CU 6": {
        "release_pos_x": -2.3689473684210527,
        "release_pos_y": 54.17013157894736,
        "release_pos_z": 5.551184210526316,
        "vx0": 0.9603550406716643,
        "vy0": -114.54110084430904,
        "vz0": 7.252797973611809,
        "ax": 9.633746381194277,
        "ay": 21.792722414963833,
        "az": -38.030961431829226,
        "release_spin_rate": 2779.75,
        "spin_axis": 61.776315789473685
      },
      "CU 7": {
        "release_pos_x": -2.3689473684210527,
        "release_pos_y": 54.17013157894736,
        "release_pos_z": 5.551184210526316,
        "vx0": 0.9603550406716643,
        "vy0": -114.54110084430904,
        "vz0": 7.252797973611809,
        "ax": 9.633746381194277,
        "ay": 21.792722414963833,
        "az": -38.030961431829226,
        "release_spin_rate": 2779.75,
        "spin_axis": 61.776315789473685
      },
      "CU 8": {
        "release_pos_x": -2.3689473684210527,
        "release_pos_y": 54.17013157894736,
        "release_pos_z": 5.551184210526316,
        "vx0": 0.9603550406716643,
        "vy0": -114.54110084430904,
        "vz0": 7.252797973611809,
        "ax": 9.633746381194277,
        "ay": 21.792722414963833,
        "az": -38.030961431829226,
        "release_spin_rate": 2779.75,
        "spin_axis": 61.776315789473685
      },
      "CU 9": {
        "release_pos_x": -2.3689473684210527,
        "release_pos_y": 54.17013157894736,
        "release_pos_z": 5.551184210526316,
        "vx0": 0.9603550406716643,
        "vy0": -114.54110084430904,
        "vz0": 7.252797973611809,
        "ax": 9.633746381194277,
        "ay": 21.792722414963833,
        "az": -38.030961431829226,
        "release_spin_rate": 2779.75,